{"msse": 14690543.30732519, "rsquared": -0.36287585332363914, "_timestamp": 1678415294.359448, "_runtime": 1.6193649768829346, "_step": 0, "_wandb": {"runtime": 0}}