{"msse": 14690543.30732519, "rsquared": -0.36287585332363914, "_timestamp": 1678415714.0258033, "_runtime": 1.9728453159332275, "_step": 0, "_wandb": {"runtime": 0}}