{"msse": 10361735.63142725, "rsquared": 0.03379228791060762, "_timestamp": 1678415336.3737142, "_runtime": 1.996427297592163, "_step": 0, "_wandb": {"runtime": 0}}