{"msse": 10287063.384173175, "rsquared": 0.04001646580715368, "_timestamp": 1678415738.006888, "_runtime": 1.2613580226898193, "_step": 0, "_wandb": {"runtime": 0}}