{"msse": 10318797.624726187, "rsquared": 0.03505180855264278, "_timestamp": 1678415759.1836314, "_runtime": 1.306065320968628, "_step": 0, "_wandb": {"runtime": 0}}