{"msse": 15390384.370994097, "rsquared": -0.4307589759741195, "_timestamp": 1678415790.6412451, "_runtime": 1.224445104598999, "_step": 0, "_wandb": {"runtime": 0}}