{"msse": 10287063.384173175, "rsquared": 0.04001646580715368, "_timestamp": 1678415319.9720693, "_runtime": 1.8579511642456055, "_step": 0, "_wandb": {"runtime": 0}}