{"msse": 15274584.742331821, "rsquared": -0.4395057152140647, "_timestamp": 1678415289.2394192, "_runtime": 1.3635013103485107, "_step": 0, "_wandb": {"runtime": 0}}