{"msse": 15478394.370107492, "rsquared": -0.45591547214432837, "_timestamp": 1678415284.764484, "_runtime": 1.7677109241485596, "_step": 0, "_wandb": {"runtime": 0}}