{"msse": 14485821.449151024, "rsquared": -0.3457415100166137, "_timestamp": 1678415794.74872, "_runtime": 1.2334179878234863, "_step": 0, "_wandb": {"runtime": 0}}