{"msse": 10220817.80275871, "rsquared": 0.0351057063614344, "_timestamp": 1678415746.4253254, "_runtime": 1.2191483974456787, "_step": 0, "_wandb": {"runtime": 0}}