{"msse": 15454455.509147257, "rsquared": -0.45444387624757776, "_timestamp": 1678415777.4193447, "_runtime": 1.274479627609253, "_step": 0, "_wandb": {"runtime": 0}}