{"msse": 15477756.649133436, "rsquared": -0.456222198781268, "_timestamp": 1678415786.4507246, "_runtime": 1.9154865741729736, "_step": 0, "_wandb": {"runtime": 0}}