{"msse": 15248129.689018192, "rsquared": -0.43776160107280093, "_timestamp": 1678415798.9647262, "_runtime": 1.2242531776428223, "_step": 0, "_wandb": {"runtime": 0}}