{"msse": 15324331.935783174, "rsquared": -0.43437593869354774, "_timestamp": 1678415305.1994355, "_runtime": 1.871929407119751, "_step": 0, "_wandb": {"runtime": 0}}