{"msse": 15467706.814807473, "rsquared": -0.45491813192019626, "_timestamp": 1678415719.8366027, "_runtime": 1.6595087051391602, "_step": 0, "_wandb": {"runtime": 0}}