{"msse": 10195426.508693727, "rsquared": 0.05513375164681256, "_timestamp": 1678415742.3135478, "_runtime": 1.4304628372192383, "_step": 0, "_wandb": {"runtime": 0}}