{"msse": 15491080.147495916, "rsquared": -0.4566151931996727, "_timestamp": 1678415310.061189, "_runtime": 1.7370059490203857, "_step": 0, "_wandb": {"runtime": 0}}