{"msse": 15273479.722241042, "rsquared": -0.43963547430006367, "_timestamp": 1678415768.6427126, "_runtime": 1.8889985084533691, "_step": 0, "_wandb": {"runtime": 0}}