{"msse": 10195426.508693727, "rsquared": 0.05513375164681256, "_timestamp": 1678415325.5576317, "_runtime": 1.6604888439178467, "_step": 0, "_wandb": {"runtime": 0}}