{"msse": 10357811.90817977, "rsquared": 0.03433169846004813, "_timestamp": 1678415341.9961421, "_runtime": 2.026189088821411, "_step": 0, "_wandb": {"runtime": 0}}