{"msse": 10362511.444474284, "rsquared": 0.03384531030625171, "_timestamp": 1678415279.452696, "_runtime": 1.6034832000732422, "_step": 0, "_wandb": {"runtime": 0}}