{"msse": 15313643.66865596, "rsquared": -0.43416166480522467, "_timestamp": 1678415781.5425477, "_runtime": 1.2371737957000732, "_step": 0, "_wandb": {"runtime": 0}}