{"msse": 10362511.444474284, "rsquared": 0.03384531030625171, "_timestamp": 1678415697.374372, "_runtime": 0.9904110431671143, "_step": 0, "_wandb": {"runtime": 0}}