{"msse": 15274584.742331821, "rsquared": -0.4395057152140647, "_timestamp": 1678415708.7444234, "_runtime": 1.6833314895629883, "_step": 0, "_wandb": {"runtime": 0}}