{"msse": 14688004.304794205, "rsquared": -0.36327998406042905, "_timestamp": 1678415773.0715892, "_runtime": 1.366908311843872, "_step": 0, "_wandb": {"runtime": 0}}