{"msse": 10357811.90817977, "rsquared": 0.03433169846004813, "_timestamp": 1678415755.0993874, "_runtime": 1.300464391708374, "_step": 0, "_wandb": {"runtime": 0}}