{"msse": 10215348.848796194, "rsquared": 0.06009899604651725, "_timestamp": 1678415763.2424197, "_runtime": 1.257551670074463, "_step": 0, "_wandb": {"runtime": 0}}