{"msse": 15324331.935783174, "rsquared": -0.43437593869354774, "_timestamp": 1678415724.1619346, "_runtime": 1.2424566745758057, "_step": 0, "_wandb": {"runtime": 0}}