{"msse": 10318797.624726187, "rsquared": 0.03505180855264278, "_timestamp": 1678415347.0789645, "_runtime": 1.8300445079803467, "_step": 0, "_wandb": {"runtime": 0}}