{"msse": 15274280.472630547, "rsquared": -0.43972452779541427, "_timestamp": 1678415807.3316283, "_runtime": 1.2709484100341797, "_step": 0, "_wandb": {"runtime": 0}}