{"msse": 15404220.702603156, "rsquared": -0.43130319865822164, "_timestamp": 1678415315.0201461, "_runtime": 1.78273606300354, "_step": 0, "_wandb": {"runtime": 0}}