{"msse": 10220817.80275871, "rsquared": 0.0351057063614344, "_timestamp": 1678415330.8144739, "_runtime": 2.0790998935699463, "_step": 0, "_wandb": {"runtime": 0}}