{"msse": 10361735.63142725, "rsquared": 0.03379228791060762, "_timestamp": 1678415750.5934684, "_runtime": 1.2629613876342773, "_step": 0, "_wandb": {"runtime": 0}}