{"msse": 15478394.370107492, "rsquared": -0.45591547214432837, "_timestamp": 1678415702.8757217, "_runtime": 1.5786457061767578, "_step": 0, "_wandb": {"runtime": 0}}