{"msse": 15123432.097569644, "rsquared": -0.41892484876672564, "_timestamp": 1678415803.1882448, "_runtime": 1.252720832824707, "_step": 0, "_wandb": {"runtime": 0}}