{"msse": 15491080.147495916, "rsquared": -0.4566151931996727, "_timestamp": 1678415728.2522452, "_runtime": 1.218144178390503, "_step": 0, "_wandb": {"runtime": 0}}