{"msse": 15404220.702603156, "rsquared": -0.43130319865822164, "_timestamp": 1678415733.8601267, "_runtime": 2.090819835662842, "_step": 0, "_wandb": {"runtime": 0}}